nome,cognome,telefono,userName,passwordInChiaro,ruoli,mail,admin,dipendente,infermiere,funzioni
Mario,Bertini,999 789122,mariobertini,mario123,xyz,mario2bertini@libero.it,false,false,false,aut-msa/pri-msa/sec-msa/aut-amb/pri-amb/sec-amb/vol
Roberta,Lucchetta,111 463470,robertalucchetta,roberta123,xyz,roberta3lucchetta@win.com,false,false,false,pri-msa/sec-msa/pri-amb/sec-amb/vol
Adrea,Scamargio,444 568733,andreascamargio,andrea123,xyz,andreascamargiomail@gmail.com,false,false,false,aut-msa/pri-msa/sec-msa/aut-amb/pri-amb/sec-amb/vol
Paolo,Riccardi,00 345635,paoloriccardi,apolo123,xyz,,false,false,false,pri-msa/sec-msa/pri-amb/sec-amb/vol
Francesca,Poletti,333 678754,francescapoletti,francesca123,xyz,francescathebest@libero.it,false,false,false,sec-msa
Costantino,Mazzi,345 9358703,costantinomazzi,costantino123,xyz,CostantinoMazzi@teleworm.us,false,false,false,pri-msa/sec-msa/pri-amb/sec-amb/vol
Roberto,Pugliesi,330 5756590,robertopugliesi,roberto123,xyz,RobertoPugliesi@teleworm.us,false,false,false,pri-msa/sec-msa/pri-amb/sec-amb/vol
Silvano,Maserati,318 9981572,silvanomaserati,silvano123,xyz,SilvanoMaserati@armyspy.com,false,false,false,pri-msa/sec-msa/pri-amb/sec-amb/vol
Assunta,Pirozzi,319 6068693,assuntapirozzi,assunta123,xyz,AssuntaPirozzi@armyspy.com,false,false,false,pri-msa/sec-msa/pri-amb/sec-amb/vol
Carmelo,Russo,382 8555041,carmelorusso,carmelo123,xyz,CarmeloRusso@jourrapide.com,false,false,false,pri-msa/sec-msa/pri-amb/sec-amb/vol